Valid Taxon,Valid Taxon label,sesamoid bone of manus,carpal bone,metacarpal bone,humerus,ulna,radius bone,centrale (fore),ulnare,phalanx of manus,intermedium,radiale
VTO:0002636,Spea hammondii,?,1,?,1,?,?,?,1,?,?,?
VTO:0002790,Rana pipiens,0,1,1,1,?,?,?,?,1,?,?
VTO:9030270,Eurycephalella alcinae,?,1,?,?,?,?,?,1,1,?,?
VTO:0083113,Paracassina kounhiensis,1,1,?,?,?,?,?,?,1,?,?
VTO:0012274,Oryctolagus cuniculus,1,1,1,1,1,1,?,?,1,?,?
VTO:9001060,Urocordylus wandesfordii,?,0,1,1,1,1,0,0,?,0,0
VTO:9003293,Seymouria baylorensis,?,1 and 0,?,1,1,1,0,0,?,0,0
VTO:0003375,Pyxicephalus adspersus,0,1,1,1,?,?,?,1,1,?,?
VTO:0084008,Callulops doriae,?,1,?,?,?,?,?,1,1,?,?
VTO:0003371,Aubria subsigillata,0,1,1,1,?,?,?,1,1,?,?
VTO:9010144,Edaphosaurus,?,1,?,1,1,1,1,?,?,?,?
VTO:9010139,Dimetrodon,?,1,1,1,?,1,1,1,?,?,?
VTO:0007889,Ichthyophiidae,?,?,?,0,0,0,?,?,0,?,?
VTO:0002482,Xenopus wittei,?,1,?,1,?,?,?,1,?,?,?
VTO:0002635,Spea multiplicata,?,1,?,1,?,?,?,1,?,?,?
VTO:0002639,Pelobates,?,1,?,1,1,1,?,1,1,?,?
VTO:9030400,Aetosaurus ferratus,?,1,1,1,1,1,?,1,1,?,?
VTO:0003364,Conraua,?,1,?,?,?,?,?,1,1,?,?
VTO:9029845,Plateosaurus engelhardti,?,1,1,1,1,1,0,1,1,?,?
VTO:0002638,Spea intermontana,?,1,?,1,?,?,?,1,?,?,?
VTO:9030272,Arariphrynus placidoi,?,1,?,?,?,?,?,1,?,?,?
VTO:0003367,Conraua crassipes,0,1,1,1,?,?,?,1,1,?,?
VTO:9017322,Mastodonsauridae,?,?,?,1,?,?,?,?,?,?,?
VTO:0002634,Spea,?,1,?,1,?,?,?,1,1,?,?
VTO:9046489,Hynerpeton bassetti,?,1,?,?,?,1,?,1,?,?,?
VTO:0002856,Amolops ricketti,0,1,1,1,?,?,?,?,1,?,?
VTO:0003373,Pyxicephalus edulis,0,1,1,?,?,?,?,?,1,?,?
VTO:0004569,Telmatobufo,?,1,?,?,?,?,?,1,1,?,?
VTO:9028135,Confuciusornis sanctus,?,1,1,1,1,1,?,1,1,1,?
VTO:9029488,Ticinosuchus ferox,?,1,1,1,1,1,0,1,1,?,?
VTO:0002210,Anura,?,1,?,1,1,1,1,1,?,?,1
VTO:9000666,Brachydectes,?,0,?,1,1,1,0,0,?,0,0
VTO:0002637,Spea bombifrons,?,1,?,1,?,?,?,1,1,?,?
VTO:0003366,Conraua goliath,0,1,1,?,?,?,?,?,1,?,?
VTO:9017456,Archeria,?,?,1,1,1,1,?,?,?,?,?
VTO:9025078,Longosuchus meadei,?,1,1,1,1,1,0,1,1,?,?
VTO:0002590,Xenophrys aceras,?,1,?,1,?,?,?,1,?,?,?
VTO:0003965,Guibemantis liber,?,1,1,?,?,?,?,1,1,?,?
VTO:0009590,Nycteris thebaica,1,1,1,1,1,1,?,?,?,?,?
VTO:9000719,Platyrhinops lyelli,?,0,?,1,1,1,0,0,?,0,0
VTO:0007337,Melanophryniscus stelzneri,?,1,?,?,?,?,?,1,1,?,?
VTO:0008725,Manis pentadactyla,1,1,1,1,1,1,?,?,1,?,?
VTO:9004123,Archaeorhynchus spathula,?,1,1,1,1,1,?,?,1,1,?
VTO:0007428,Rhinella atacamensis,?,?,?,?,?,?,?,?,1,?,?
VTO:9000671,Balanerpeton woodi,?,1,1,1,1,1,?,?,?,?,?
VTO:9005643,Velociraptor mongoliensis,?,1,1,1,1,1,0,1,1,?,?
VTO:0010969,Lama glama,1,1,1,1,1,1,?,?,1,?,?
VTO:0007645,Leptodactylus bufonius,1,1,?,?,?,?,?,1,1,?,?
VTO:9020299,Terrestrisuchus gracilis,?,1,1,1,1,1,0,1,1,?,?
VTO:9032047,Protopteryx fengningensis,?,1,1,1,1,1,?,?,1,1,?
VTO:9010863,Carodnia vieirai,1,1,1,1,1,1,?,?,1,?,?
VTO:0011065,Bos taurus,1,1,1,1,1,1,?,?,1,?,?
VTO:0005540,Oreobates quixensis,1,1,1,?,?,?,?,?,?,?,?
VTO:0083486,Leptodactylus latrans,?,1,?,?,?,?,?,1,1,?,?
VTO:0005301,Cycloramphus fuliginosus,1,1,1,?,?,?,?,?,?,?,?
VTO:9000203,Poposaurus gracilis,?,1,1,1,1,1,0,1,1,?,?
VTO:0010811,Felis silvestris,1,1,1,1,1,1,?,?,1,?,?
VTO:0083114,Paracassina obscura,1,1,?,?,?,?,?,?,1,?,?
VTO:0006445,Litoria lesueurii,?,1,?,?,?,?,?,1,1,?,?
VTO:9004696,Sauropodiformes,?,?,1,?,?,?,?,?,1,?,?
VTO:0002488,Hymenochirus boettgeri,?,1,?,1,?,?,?,1,1,?,?
VTO:9029041,Onychonycteris finneyi,?,1,1,1,1,1,?,?,1,?,?
VTO:0007644,Leptodactylus chaquensis,?,1,?,?,?,?,?,1,1,?,?
VTO:0003422,Tomopterna marmorata,0,?,1,1,?,?,?,?,1,?,?
VTO:0011620,Galeopterus variegatus,1,1,1,1,1,1,?,?,1,?,?
VTO:9007897,Eoraptor lunensis,?,1,1,1,1,1,0,1,1,?,?
VTO:0015584,Tachyglossus aculeatus,1,1,1,1,1,1,?,?,1,?,?
VTO:9031057,Heterodontosaurus tucki,?,1,1,1,1,1,?,1,1,?,?
VTO:0002729,Rana temporaria,?,1,?,?,?,?,?,1,1,?,?
VTO:0003942,Buergeria japonica,?,1,1,?,?,?,?,?,?,?,?
VTO:0007750,Lepidobatrachus,?,1,?,?,?,?,?,1,1,?,?
VTO:0002659,Bombina variegata,?,1,?,1,?,?,?,1,1,?,?
VTO:0006528,Phyllomedusa sauvagii,?,1,?,?,?,?,?,1,1,?,?
VTO:9006500,Batrachotomus kupferzellensis,?,?,?,1,1,1,?,?,?,?,?
VTO:0082180,Phrynobatrachus sulfureogularis,?,1,?,?,?,?,?,1,1,?,?
VTO:9016319,Limenavis patagonica,?,1,1,1,1,?,?,?,1,1,?
VTO:0008138,Trichechus manatus,?,1,1,1,1,1,?,?,1,?,?
VTO:0007751,Lepidobatrachus laevis,?,1,?,?,?,?,?,1,1,?,?
VTO:0004304,Mantella aurantiaca,?,1,1,1,?,?,?,?,1,?,?
VTO:9028138,Confuciusornis dui,?,1,1,1,1,1,?,?,1,1,?
VTO:0082948,Anhydrophryne hewitti,0,1,1,1,?,?,?,?,1,?,?
VTO:0082861,Leptodactylodon ventrimarmoratus,1,1,1,1,?,?,?,?,1,?,?
VTO:9004239,Cardiocephalus peabodyi,?,1,?,1,?,1,?,?,?,?,?
VTO:9015174,Thomashuxleya,1,1,1,1,1,1,?,?,1,?,?
VTO:9007710,Hesperosuchus,?,1,1,1,1,1,0,1,1,?,?
VTO:0083482,Lepidobatrachus llanensis,?,1,?,?,?,?,?,1,1,?,?
VTO:9008241,Tropidosuchus romeri,?,?,?,1,?,?,0,?,?,?,?
VTO:9005238,Zhangheotherium quinquecuspidens,1,1,1,1,1,1,?,?,1,?,?
VTO:9032270,Postosuchus alisonae,?,1,1,1,1,1,0,1,1,?,?
VTO:0008268,Loxodonta africana,1,1,1,1,1,1,?,?,1,?,?
VTO:0015581,Ornithorhynchus anatinus,1,1,1,1,1,1,?,?,1,?,?
VTO:0004086,Mantidactylus femoralis,0,1,1,1,?,?,?,?,1,?,?
VTO:0011618,Cynocephalus volans,1,1,1,1,1,1,?,?,1,?,?
VTO:0007754,Hemiphractus,?,1,?,?,?,?,?,1,1,?,?
VTO:0004624,Arthroleptis stenodactylus,1,1,1,1,?,?,?,?,1,?,?
VTO:0002858,Hylarana,?,1,?,?,?,?,?,1,1,?,?
VTO:9009130,Daspletosaurus torosus,?,?,1,1,1,?,?,?,1,?,?
VTO:0002655,Bombina,?,1,?,1,1,1,?,1,1,?,?
VTO:9016235,Leptictis dakotensis,?,1,1,1,1,1,?,?,?,?,?
VTO:0007335,Melanophryniscus rubriventris,?,1,?,?,?,?,?,1,1,?,?
VTO:0005904,Allobates talamancae,1,1,1,?,?,?,?,?,?,?,?
VTO:0004602,Arthroleptis,1,1,?,?,?,?,?,1,1,?,?
VTO:9022461,Archaeopteryx lithographica,?,1,1,1,1,1,?,?,1,1,?
VTO:0082944,Nothophryne broadleyi,0 and 1,1,1,1,?,?,?,?,1,?,?
VTO:9024844,Saturnalia tupiniquim,?,?,?,1,1,1,0,?,?,?,?
VTO:9031738,Efraasia minor,?,1,1,1,1,1,0,1,1,?,?
VTO:9018113,Henkelotherium guimarotae,?,1,1,1,1,1,?,?,1,?,?
VTO:9033166,Phenacodus intermedius,1,1,1,1,1,1,?,?,1,?,?
VTO:0003504,Phrynobatrachus plicatus,1,1,1,1,?,?,?,?,1,?,?
VTO:9001958,Mesenosaurus romeri,?,1,1,1,?,1,1,1,?,?,?
VTO:0005308,Zachaenus parvulus,1,1,1,?,?,?,?,?,?,?,?
VTO:0005372,Thoropa miliaris,?,1,?,?,?,?,?,1,1,?,?
VTO:0007705,Batrachyla antartandica,?,1,1,?,?,?,?,?,?,?,?
VTO:9020735,Protosuchus richardsoni,?,1,1,1,1,1,0,1,1,?,?
VTO:0004758,Afrixalus fornasini,1,1,1,1,?,?,?,?,1,?,?
VTO:0007620,Leptodactylus,1,1,?,?,?,?,?,1,1,?,?
VTO:0006656,Hypsiboas riojanus,?,1,?,?,?,?,?,1,1,?,?
VTO:0004605,Arthroleptis schubotzi,1,1,?,?,?,?,?,1,1,?,?
VTO:0003432,Tomopterna tandyi,0,?,1,1,?,?,?,?,1,?,?
VTO:9028514,Phlegethontia linearis,?,?,?,?,?,?,?,?,0,?,?
VTO:9031101,Baptornis advenus,?,?,?,1,1,1,?,?,1,?,?
VTO:0004983,Phrynomantis,?,1,?,?,?,?,?,1,1,?,?
VTO:0004739,Hyperolius kivuensis,?,1,?,?,?,?,?,1,1,?,?
VTO:0003520,Phrynobatrachus acridoides,0,1,1,1,?,?,?,?,1,?,?
VTO:9013826,Gansus yumenensis,?,1,1,1,1,1,?,?,1,1,?
VTO:0007744,Ceratophrys,?,1,?,?,?,?,?,1,1,?,?
VTO:0082975,Kassina kuvangensis,1,1,?,?,?,?,?,?,1,?,?
VTO:0004722,Hyperolius castaneus,?,1,?,?,?,?,?,1,1,?,?
VTO:9033866,Vulpavus profectus,1,1,1,1,1,1,?,?,1,?,?
VTO:0003500,Phrynobatrachus natalensis,0,1,1,1,?,?,?,?,1,?,?
VTO:9011335,Rhizodonta,?,1,?,?,1,?,?,1,?,?,?
VTO:0082974,Kassina decorata,1,1,?,?,?,?,?,?,1,?,?
VTO:9022464,Maniraptora,?,?,1,1,1,?,?,?,1,?,?
VTO:0007745,Ceratophrys cranwelli,?,1,?,?,?,?,?,1,1,?,?
VTO:0004604,Arthroleptis sylvaticus,1,1,1,1,?,?,?,1,1,?,?
VTO:9034147,Jinzhouornis zhangjiyingia,?,1,1,1,1,1,?,?,1,1,?
VTO:9004112,Proterogyrinus scheelei,?,0,1,1,1,1,0,0,?,0,0
VTO:0082973,Kassina maculifer,1,1,?,?,?,?,?,?,1,?,?
VTO:9021333,Adelospondylus,?,0,0,0,0,0,0,0,0,0,0
VTO:0007762,Flectonotus fitzgeraldi,?,1,?,?,?,?,?,1,1,?,?
VTO:0005064,Ramanella variegata,?,1,1,?,?,?,?,?,?,?,?
VTO:0004853,Hemisus marmoratus,1,1,1,1,?,?,?,?,1,?,?
VTO:0005367,Odontophrynus americanus,?,1,?,?,?,?,?,1,1,?,?
VTO:0002607,Megophrys,?,1,?,1,1,1,?,1,1,?,?
VTO:9005336,Ophiacodon,?,1,1,1,1,1,1,1,?,?,?
VTO:0002695,Batrachylodes vertebralis,0,1,1,1,?,?,?,?,1,?,?
VTO:0004987,Phrynomantis bifasciatus,0,1,1,1,?,?,?,1,1,?,?
VTO:0007748,Ceratophrys ornata,?,1,?,?,?,?,?,1,1,?,?
VTO:9034278,Jixiangornis orientalis,?,?,1,1,1,1,?,?,1,?,?
VTO:9001618,Moeritherium lyonsi,?,?,?,1,1,?,?,?,?,?,?
VTO:9009249,Herrerasaurus ischigualastensis,?,1,1,1,1,1,0,1,1,?,?
VTO:0007760,Flectonotus,?,1,?,?,?,?,?,1,1,?,?
VTO:0006418,Litoria infrafrenata,?,1,?,?,?,?,?,1,1,?,?
VTO:0002418,Xenopus,?,1,1,1,1,1,?,1,1,?,?
VTO:0005803,Physalaemus,?,1,?,?,?,?,?,1,1,?,?
VTO:0082841,Arthroleptis phrynoides,1,1,?,?,?,?,?,1,1,?,?
VTO:9034144,Zhongjianornis yangi,?,1,1,1,1,1,?,?,1,1,?
VTO:9009115,Dilophosaurus wetherilli,?,1,1,1,1,1,0,?,1,?,?
VTO:0005364,Odontophrynus,?,1,?,?,?,?,?,1,1,?,?
VTO:0003865,Philautus surdus,0,1,1,1,?,?,?,?,1,?,?
VTO:9004865,Ichthyornis dispar,?,1,1,1,1,1,?,?,1,1,?
VTO:9013415,Sinopa rapax,?,1,1,1,1,1,?,?,1,?,?
VTO:0082912,Cardioglossa escalerae,1,1,1,1,?,?,?,?,1,?,?
VTO:9025659,Eudimorphodon ranzii,?,1,1,1,1,1,0,1,1,?,?
VTO:9026542,Sapeornis chaoyangensis,?,1,1,1,1,1,?,?,1,1,?
VTO:9029398,Eoxenopoides reuningi,?,?,1,?,?,?,?,?,?,?,?
VTO:9016899,Micromelerpetontidae,?,0,?,1,?,1,0,0,?,0,0
VTO:9005597,Heterodontosauridae,?,?,1,?,?,?,?,?,1,?,?
VTO:9026544,Jeholornis prima,?,1,1,1,1,1,?,1,1,1,?
VTO:0004636,Nyctibates corrugatus,1,1,1,1,?,?,?,?,1,?,?
VTO:9000722,Lethiscus stocki,?,0,0,0,0,0,0,0,0,0,0
VTO:9026727,Raptorex kriegsteini,?,?,1,1,1,?,?,?,1,?,?
VTO:0003438,Strongylopus grayii,0,1,1,1,?,?,?,?,1,?,?
VTO:9001353,Rhynchonkos stovalli,?,1,?,1,1,1,?,?,?,?,?
VTO:0004572,Telmatobufo venustus,?,1,?,?,?,?,?,1,1,?,?
VTO:0003370,Aubria,?,1,?,?,?,?,?,1,1,?,?
VTO:9001280,Asaphestera intermedia,?,0,1,1,1,1,0,0,?,0,0
VTO:0006033,Colostethus inguinalis,1,1,1,?,?,?,?,?,?,?,?
VTO:0003097,Limnonectes blythii,0,1,1,1,?,?,?,?,1,?,?
VTO:0002866,Hylarana galamensis,0,1,1,1,?,?,?,?,1,?,?
VTO:9004370,Echinerpeton intermedium,?,?,?,1,?,?,?,?,?,?,?
VTO:9004091,Longipteryx chaoyangensis,?,1,1,1,1,1,?,?,1,1,?
VTO:9025372,Parasuchus hislopi,?,1,1,1,1,1,0,1,1,?,?
VTO:0004667,Phlyctimantis verrucosus,1,1,?,?,?,?,?,1,1,?,?
VTO:9011513,Asilisaurus kongwe,?,?,?,1,1,1,0,?,?,?,?
VTO:9005202,Icaronycteris index,1,1,1,1,1,1,?,?,1,?,?
VTO:0011559,Caperea marginata,?,?,1,1,1,1,?,?,1,?,?
VTO:9000049,Vancleavea campi,?,1,1,1,1,1,0,1,?,?,?
VTO:0002690,Platymantis corrugatus,1,1,1,1,?,?,?,?,1,?,?
VTO:9001875,Edops craigi,?,?,?,1,?,?,?,?,?,?,?
VTO:9002593,Calyptocephalella gayi,?,1,?,?,?,?,?,1,1,?,?
VTO:0012203,Tarsius syrichta,1,1,1,1,1,1,?,?,1,?,?
VTO:0002492,Pipa,?,?,?,1,1,1,?,?,?,?,?
VTO:0008705,Talpa europaea,1,1,1,1,1,1,?,?,1,?,?
VTO:9004371,Luperosaurus kayi,?,?,?,1,?,?,?,?,?,?,?
VTO:9027781,Oestocephalus amphiuminum,?,?,?,?,?,?,?,?,0,?,?
VTO:9004135,Ambiortus dementjevi,?,1,1,1,?,?,?,?,1,1,?
VTO:9025724,Compsognathus longipes,?,?,?,1,?,?,?,?,?,?,?
VTO:0002493,Pipa pipa,?,1,?,1,?,?,?,1,?,?,?
VTO:0003363,Petropedetes cameronensis,0,1,1,1,?,?,?,?,1,?,?
VTO:9002549,Watongia meieri,?,1,1,1,?,1,1,1,?,?,?
VTO:0002494,Pipa parva,?,1,?,1,?,?,?,1,?,?,?
VTO:9029104,Dimorphodon macronyx,?,1,1,1,?,?,0,1,1,?,?
VTO:9031132,Allosaurus fragilis,?,1,1,1,1,1,0,1,1,?,?
VTO:9021619,Eotyrannus lengi,?,?,1,1,1,?,?,?,?,?,?
VTO:0003355,Petropedetes johnstoni,0,1,1,1,?,?,?,?,1,?,?
VTO:9027738,Scincosaurus crassus,?,1,1,1,1,1,?,?,?,?,?
VTO:0002495,Pipa carvalhoi,?,1,?,1,?,?,?,1,?,?,?
VTO:9022733,Patagopteryx deferrariisi,?,?,1,1,1,1,?,?,1,?,?
VTO:9017443,Proterogyrinus,?,?,?,1,?,?,?,?,?,?,?
VTO:0002929,Staurois natator,0,1,1,1,?,?,?,?,1,?,?
VTO:9033754,Apsaravis ukhaana,?,1,1,1,1,1,?,?,1,1,?
VTO:9028141,Vescornis hebeiensis,?,1,1,1,1,1,?,1,1,1,?
VTO:0014927,Rattus norvegicus,1,1,1,1,1,1,?,?,1,?,?
VTO:0002629,Pelodytes punctatus,?,1,1,1,?,?,?,1,1,?,?
VTO:0003493,Phrynobatrachus sandersoni,0,1,1,1,?,?,?,?,1,?,?
VTO:0003360,Petropedetes martiensseni,0,1,1,1,?,?,?,?,1,?,?
VTO:9009864,Shenqiornis mengi,?,1,1,1,1,1,?,?,1,1,?
VTO:0008614,Erinaceus europaeus,1,1,1,1,1,1,?,?,1,?,?
VTO:0005257,Dermatonotus muelleri,?,1,?,?,?,?,?,1,1,?,?
VTO:0008079,Tamandua tetradactyla,1,1,1,1,1,1,?,?,1,?,?
VTO:0081651,Thoropa lutzi,1,1,1,?,?,?,?,?,?,?,?
VTO:0002475,Xenopus laevis,?,1,?,1,?,?,?,1,1,?,?
VTO:9026647,Coelophysis rhodesiensis,?,?,1,?,?,?,?,?,1,?,?
VTO:0004745,Kassina senegalensis,1,1,1,1,?,?,?,1,1,?,?
VTO:0004612,Arthroleptis variabilis,1,1,1,1,?,?,?,1,1,?,?
VTO:0010361,Equus caballus,1,1,1,1,1,1,?,?,1,?,?
VTO:9011083,Haptodus garnettensis,?,1,1,1,?,?,?,1,?,?,?
VTO:0081294,Rhinella amabilis,?,?,?,?,?,?,?,?,1,?,?
VTO:0003358,Petropedetes parkeri,0,1,1,1,?,?,?,?,1,?,?
VTO:0082673,Ptychadena uzungwensis,?,1,?,?,?,?,?,1,1,?,?
VTO:9022403,Pantylus cordatus,?,1 and 0,?,1,1,1,0,0,?,0,0
VTO:0004559,Heleioporus,?,1,?,?,?,?,?,1,1,?,?
VTO:0004716,Hyperolius nasutus,?,1,?,?,?,?,?,?,1,?,?
VTO:0082560,Pristimantis huicundo,?,1,?,?,?,?,?,1,1,?,?
VTO:0003515,Phrynobatrachus dendrobates,?,1,?,?,?,?,?,1,1,?,?
VTO:0003951,Guibemantis bicalcaratus,?,1,1,?,?,?,?,?,?,?,?
VTO:9003677,Iberomesornis romerali,?,?,?,1,1,1,?,?,1,?,?
VTO:9006249,Erythrosuchidae,?,1,?,1,1,1,1,?,?,?,?
VTO:0004743,Kassina,1,1,?,?,?,?,?,1,1,?,?
VTO:9020415,Tuditanus,?,?,1,1,1,1,?,?,?,?,?
VTO:0002479,Xenopus clivii,?,1,?,1,?,?,?,1,?,?,?
VTO:0081091,Liaoxitriton,?,1,?,?,?,?,?,?,?,?,?
VTO:0005812,Physalaemus biligonigerus,?,1,?,?,?,?,?,1,1,?,?
VTO:9027995,Yixianornis grabaui,?,1,1,1,1,1,?,?,1,1,?
VTO:0007477,Rhinella granulosa,?,1,?,?,?,?,?,1,1,?,?
VTO:0009582,Pteronotus parnellii,1,1,1,1,1,1,?,?,?,?,?
VTO:0002477,Xenopus borealis,?,1,?,1,?,?,?,1,?,?,?
VTO:9010133,Sphenacodon,?,?,?,1,?,?,?,?,?,?,?
VTO:0003518,Phrynobatrachus africanus,0 and 1,1,1,1,?,?,?,?,1,?,?
VTO:0004712,Hyperolius pusillus,?,1,?,?,?,?,?,?,1,?,?
VTO:9032805,Qianosuchus mixtus,?,?,?,1,?,?,0,?,?,?,?
VTO:9017055,Elsornis keni,?,1,1,1,1,1,?,?,?,1,?
VTO:0007743,Chacophrys pierottii,?,1,?,?,?,?,?,1,1,?,?
VTO:0007843,Alytes obstetricans,?,1,?,1,?,?,?,1,1,?,?
VTO:0002644,Scaphiopus,?,1,1,1,?,?,?,1,1,?,?
VTO:9009886,Pengornis houi,?,1,1,1,1,1,?,1,1,1,?
VTO:9001772,Ukhaatherium nessovi,?,?,1,1,1,1,?,?,1,?,?
VTO:0006676,Dendropsophus,?,1,?,?,?,?,?,1,1,?,?
VTO:9021502,Araeoscelidia,?,1,?,1,1,1,1,?,?,?,?
VTO:9008624,Tawa hallae,?,1,1,1,1,1,0,1,1,?,?
VTO:0082676,Ptychadena chrysogaster,?,1,?,?,?,?,?,1,1,?,?
VTO:9027972,Yanornis martini,?,1,1,1,1,1,?,?,1,1,?
VTO:0002646,Scaphiopus couchii,?,1,?,1,?,?,?,1,1,?,?
VTO:9013228,Casea broilii,?,1,1,1,?,1,1,1,?,?,?
VTO:0006777,Pseudis,?,1,?,?,?,?,?,1,1,?,?
VTO:0002688,Platymantis papuensis,?,1,1,?,?,?,?,?,?,?,?
VTO:0003187,Euphlyctis cyanophlyctis,0,1,1,?,?,?,?,?,1,?,?
VTO:0006521,Phyllomedusa,?,1,?,?,?,?,?,1,1,?,?
VTO:9009125,Tarbosaurus bataar,?,?,1,1,1,?,?,?,1,?,?
VTO:0082960,Ericabatrachus baleensis,0,1,1,1,?,?,?,?,1,?,?
VTO:0006497,Cyclorana australis,?,1,?,?,?,?,?,1,1,?,?
VTO:9007484,Ceratosaurus nasicornis,?,?,1,?,?,?,?,?,1,?,?
VTO:0003059,Occidozyga laevis,1,1,1,1,?,?,?,?,1,?,?
VTO:0006787,Pseudis paradoxa,?,1,?,?,?,?,?,1,1,?,?
VTO:0002641,Pelobates cultripes,?,1,?,1,?,?,?,1,1,?,?
VTO:0082846,Arthroleptis lameerei,1,1,?,?,?,?,?,1,1,?,?
VTO:0011432,Tursiops truncatus,?,?,1,1,1,1,?,?,1,?,?
VTO:9021684,Rodhocetus balochistanensis,1,1,1,1,1,1,?,?,1,?,?
VTO:0082900,Leptopelis christyi,?,1,?,?,?,?,?,1,1,?,?
VTO:9001644,Rapaxavis pani,?,1,1,1,1,1,?,?,1,1,?
VTO:0004975,Dyscophus antongilii,?,1,?,?,?,?,?,1,1,?,?
VTO:9012235,Notharctus tenebrosus,1,1,1,1,1,1,?,?,1,?,?
VTO:0003512,Phrynobatrachus krefftii,0,1,1,1,?,?,?,?,1,?,?
VTO:0003513,Phrynobatrachus cricogaster,0,1,1,1,?,?,?,?,1,?,?
VTO:0084206,Telmatobius schreiteri,?,1,1,?,?,?,?,?,?,?,?
VTO:0081703,Phyllomedusa vaillantii,?,1,?,?,?,?,?,1,1,?,?
VTO:9027741,Sauropleura pectinata,?,0,?,1,1,1,0,0,?,0,0
VTO:9028597,Neuquenornis volans,?,1,1,1,1,1,?,?,1,1,?
VTO:9001211,Albanerpetontidae,?,1,?,1,1,1,1,1,?,?,1
VTO:9013239,Limnoscelis paludis,?,1 and 0,1,1,1,1,0,1 and 0,?,0,0
VTO:9004085,Eoconfuciusornis zhengi,?,1,1,1,1,1,?,?,1,1,?
VTO:0084202,Telmatobius jelskii,?,1,?,?,?,?,?,1,1,?,?
VTO:9021359,Metacheiromys marshi,?,?,1,1,1,1,?,?,1,?,?
VTO:9034151,Jianchangornis microdonta,?,1,1,1,1,1,?,?,1,1,?
VTO:9019369,Orthosuchus stormbergi,?,1,1,1,1,1,0,1,1,?,?
VTO:0003183,Hoplobatrachus occipitalis,0,1,1,1,?,?,?,1,1,?,?
VTO:9034348,Shenzhouraptor sinensis,?,1,1,1,1,1,?,?,1,1,?
VTO:0082907,Cardioglossa cyaneospila,1,1,?,?,?,?,?,1,1,?,?
VTO:0004819,Breviceps mossambicus,0,1,1,1,?,?,?,?,1,?,?
VTO:9024729,Gorgosaurus libratus,?,?,1,1,1,?,?,?,1,?,?
VTO:9001345,Saxonerpeton geinitzi,?,1 and 0,1,1,1,1,0,0,?,0,0
VTO:0083503,Leptodactylus latinasus,1,1,?,?,?,?,?,1,1,?,?
VTO:9026451,Hongshanornis longicresta,?,1,1,1,1,1,?,?,1,1,?
VTO:0083434,Platyplectrum ornatum,?,1,1,?,?,?,?,1,1,?,?
VTO:9001346,Sauropleura scalaris,?,1,?,1,?,1,?,?,?,?,?
VTO:0003389,Cacosternum boettgeri,1,1,1,1,?,?,?,?,1,?,?
VTO:9001290,Acanthostega gunnari,?,1,1,1,1,1,0,1,1,?,?
VTO:9004078,Cathayornis,?,1,1,1,1,1,?,?,1,1,?
VTO:0003394,Amietia fuscigula,0,1,1,1,?,?,?,?,1,?,?
VTO:9026655,Scutellosaurus lawleri,?,?,1,1,1,1,0,?,?,?,?
VTO:0082901,Leptopelis mossambicus,0,1,1,1,?,?,?,?,1,?,?
VTO:9015214,Chelomophrynus bayi,?,?,1,?,?,?,?,?,?,?,?
VTO:0008057,Rhinatrematidae,?,?,?,0,0,0,?,?,0,?,?
VTO:0015257,Dromiciops gliroides,1,1,1,1,1,1,?,?,?,?,?
VTO:0004591,Scotobleps gabonicus,1,1,1,1,?,?,?,?,1,?,?
VTO:0007446,Rhinella arequipensis,?,?,?,?,?,?,?,?,1,?,?
VTO:9000767,Acherontiscus caledoniae,?,0,0,0,0,0,0,0,0,0,0
VTO:9022368,Petrolacosaurus kansensis,?,?,?,1,1,1,?,?,?,?,?
VTO:9004304,Pseudolagosuchus major,?,?,?,?,?,?,0,?,?,?,?
VTO:0003392,Amietia angolensis,0,1,1,1,?,?,?,1,1,?,?
VTO:9028587,Concornis lacustris,?,?,1,1,1,1,?,?,1,?,?
VTO:9033872,Vulpavus ovatus,?,?,1,1,1,1,?,?,?,?,?
VTO:0002487,Hymenochirus,?,1,?,?,?,?,?,1,1,?,?
VTO:9004077,Eocathayornis walkeri,?,1,1,1,1,1,?,?,1,1,?
VTO:0007449,Rhinella chavin,?,?,?,?,?,?,?,?,1,?,?
VTO:9004686,Eodromaeus murphi,?,?,1,?,?,?,?,?,1,?,?
VTO:0084184,Telmatobius scrocchii,?,1,?,?,?,?,?,1,1,?,?
VTO:0007440,Rhinella ocellata,?,?,?,?,?,?,?,?,1,?,?
VTO:0003390,Cacosternum nanum,0,1,1,1,?,?,?,?,1,?,?
VTO:0006727,Dendropsophus nanus,?,1,?,?,?,?,?,1,1,?,?
VTO:0011993,Homo sapiens,1,1,1,1,1,1,?,?,1,?,?
VTO:0004752,Afrixalus,?,1,?,?,?,?,?,1,1,?,?
VTO:9020973,Prolacerta broomi,?,1,1,1,1,1,?,1,1,?,?
VTO:0004703,Hyperolius marmoratus,0,1,1,1,?,?,?,?,1,?,?
VTO:0008154,Procavia capensis,1,1,1,1,1,1,?,?,1,?,?
VTO:9025670,Sinornithosaurus millenii,?,?,1,1,1,?,?,?,1,?,?
VTO:0003401,Natalobatrachus bonebergi,0 and 1,1,1,1,?,?,?,?,1,?,?
VTO:0004702,Hyperolius argus,?,1,?,?,?,?,?,?,1,?,?
VTO:9021331,Adelogyrinidae,?,?,?,0,0,0,?,?,0,?,?
VTO:9020315,Aistopoda,?,?,?,0,0,0,?,?,0,?,?
VTO:0004601,Trichobatrachus robustus,1,1,1,1,?,?,?,?,1,?,?
VTO:0007441,Rhinella poeppigii,?,?,?,?,?,?,?,?,1,?,?
VTO:9005890,Zhongornis haoae,?,?,1,1,1,1,?,?,1,?,?
VTO:9021172,Brachystelechidae,?,?,?,1,1,1,?,?,?,?,?
VTO:0004629,Arthroleptis poecilonotus,1,1,?,?,?,?,?,1,1,?,?
VTO:9003199,Silesaurus opolensis,?,?,1,1,1,1,0,?,?,?,?
VTO:9022478,Coelophysis bauri,?,1,1,1,1,1,0,1,1,?,?
VTO:0005829,Pleurodema,?,1,?,?,?,?,?,1,1,?,?
VTO:0002698,Ceratobatrachus guentheri,?,1,?,?,?,?,?,1,1,?,?
VTO:0003391,Amietia,?,1,?,?,?,?,?,1,1,?,?
VTO:0003407,Arthroleptella landdrosia,0,1,1,1,?,?,?,?,1,?,?
VTO:9006289,Protosuchus haughtoni,?,?,?,?,?,?,?,?,?,?,?
VTO:0003633,Chiromantis xerampelina,0,1,1,1,?,?,?,?,1,?,?
VTO:0084210,Batrachophrynus,?,1,?,?,?,?,?,1,1,?,?
VTO:9017046,Branchiosauridae,?,0,?,1,1,1,0,0,?,0,0
VTO:9030624,Triadobatrachus massinoti,?,1,?,1,1,1,?,?,?,?,?
VTO:0007309,Bufo bufo,?,?,?,?,?,?,?,?,1,?,?
VTO:0004596,Astylosternus,?,1,?,?,?,?,?,1,1,?,?
VTO:0081694,Agalychnis lemur,?,1,?,?,?,?,?,1,1,?,?
VTO:9034557,Genasauria,?,?,1,?,?,?,?,?,1,?,?
VTO:0004643,Leptopelis vermiculatus,0,1,1,1,?,?,?,?,1,?,?
VTO:0011379,Hippopotamus amphibius,1,1,1,1,1,1,?,?,1,?,?
VTO:0081645,Crossodactylus gaudichaudii,1,1,1,?,?,?,?,?,?,?,?
VTO:0083019,Afrixalus fulvovittatus,?,1,?,?,?,?,?,1,1,?,?
VTO:9003390,Acheloma cumminsi,?,?,?,1,1,1,?,?,?,?,?
VTO:0007436,Rhinella schneideri,?,?,?,?,?,?,?,?,1,?,?
VTO:9033840,Dilong paradoxus,?,?,1,1,?,?,?,?,1,?,?
VTO:9012969,Hyopsodus paulus,1,1,1,1,1,1,?,?,1,?,?
VTO:0005513,Allophryne ruthveni,?,1,?,?,?,?,?,1,1,?,?
VTO:0003382,Microbatrachella capensis,0,1,1,1,?,?,?,?,1,?,?
VTO:9034455,Shanweiniao cooperorum,?,?,1,1,1,1,?,?,1,?,?
VTO:0003385,Cacosternum capense,0 and 1,1,1,1,?,?,?,?,1,?,?
VTO:0007434,Rhinella veraguensis,?,?,?,?,?,?,?,?,1,?,?
VTO:9023510,Anthracosauroidea,?,1,?,1,1,1,?,?,?,?,?
VTO:0003378,Poyntonia paludicola,0,1,1,1,?,?,?,?,1,?,?
VTO:0005511,Allophryne,?,1,?,?,?,?,?,1,1,?,?
VTO:0007329,Melanophryniscus,?,1,?,?,?,?,?,1,1,?,?
VTO:0007300,Bufo,?,?,?,?,?,?,?,?,1,?,?
VTO:0007433,Rhinella arunco,?,?,?,?,?,?,?,?,1,?,?
VTO:9006134,Protorosauria,?,1,?,1,1,1,1,?,?,?,?
VTO:9025556,Effigia okeeffeae,?,1,1,1,1,1,0,1,1,?,?
VTO:0003380,Anhydrophryne rattrayi,0,1,1,1,?,?,?,?,1,?,?
VTO:0007439,Rhinella marina,?,?,?,?,?,?,?,?,1,?,?
VTO:9006269,Proterosuchidae,?,1,?,1,1,1,1,?,?,?,?
VTO:0007071,Hylodes nasus,1,1,1,?,?,?,?,?,?,?,?
VTO:9029450,Stagonolepis robertsoni,?,1,1,1,?,?,0,1,1,?,?
VTO:9019053,Captorhinus,?,1,1,1,?,1,1,1,?,?,?
VTO:0008659,Solenodon paradoxus,1,1,1,1,1,1,?,?,1,?,?
VTO:0004582,Sooglossus sechellensis,?,1,1,?,?,?,?,1,1,?,?
VTO:9022367,Ianthasaurus hardestiorum,?,?,?,1,?,?,?,?,?,?,?
VTO:0007437,Rhinella vellardi,?,?,?,?,?,?,?,?,1,?,?
VTO:0081411,Rhaebo caeruleostictus,1,1,1,?,?,?,?,?,1,?,?
VTO:0030699,Anas,?,1,1,1,1,1,?,1,1,1,?
VTO:9022471,Ornithomimosauria,?,?,1,1,1,?,?,?,1,?,?
VTO:0083801,Batrachylodes elegans,?,1,1,?,?,?,?,?,?,?,?
VTO:0006847,Osteopilus septentrionalis,?,1,?,?,?,?,?,1,1,?,?
VTO:9028129,Longirostravis hani,?,1,1,1,1,1,?,?,1,1,?
VTO:0033069,Alligator mississippiensis,?,1,1,1,1,1,0,1,1,?,?
VTO:0004634,Arthroleptis adolfifriederici,1,1,?,?,?,?,?,1,1,?,?
VTO:0003626,Chiromantis,?,1,?,?,?,?,?,1,1,?,?
VTO:0002625,Pelodytes,?,?,1,1,1,1,?,?,?,?,?
VTO:0013012,Spermophilus tridecemlineatus,1,1,1,1,1,1,?,?,1,?,?
VTO:9034427,Varanops brevirostris,?,1,1,1,?,1,1,1,?,?,?
VTO:0083806,Discodeles bufoniformis,1,1,1,1,?,?,?,?,1,?,?
VTO:9029456,Lotosaurus adentus,?,1,1,1,1,1,0,1,1,?,?
VTO:0007432,Rhinella humboldti,?,?,?,?,?,?,?,?,1,?,?
VTO:9033012,Siderops kehli,?,?,?,1,?,?,?,?,?,?,?
VTO:0004637,Leptopelis,?,1,?,?,?,?,?,1,1,?,?
VTO:9031593,Choristodera,?,1,?,1,1,1,1,?,?,?,?
VTO:0003629,Chiromantis rufescens,?,1,?,?,?,?,?,1,1,?,?
VTO:0007430,Rhinella limensis,?,?,?,?,?,?,?,?,1,?,?
VTO:0011609,Ptilocercus lowii,1,1,1,1,1,1,?,?,1,?,?
VTO:9022943,Lepidosauromorpha,?,1,?,1,1,1,1,?,?,?,?
VTO:0005831,Pleurodema bufoninum,?,1,?,?,?,?,?,1,1,?,?
VTO:9004906,Dromaeosauridae,?,1,1,1,1,1,?,?,1,1,?
VTO:0012076,Saimiri sciureus,1,1,1,1,1,1,?,?,1,?,?
VTO:0004784,Opisthothylax immaculatus,?,1,?,?,?,?,?,1,1,?,?
VTO:9028180,Eoenantiornis buhleri,?,1,1,1,1,1,?,?,1,1,?
VTO:9003389,Diplocaulus magnicornis,?,0,?,1,1,1,0,0,?,0,0
VTO:0004650,Leptopelis natalensis,?,1,1,?,?,?,?,?,?,?,?
VTO:0081340,Truebella skoptes,?,?,?,?,?,?,?,?,1,?,?
VTO:0010655,Canis lupus,1,1,1,1,1,1,?,?,1,?,?
VTO:9019051,Captorhinidae,?,1,?,1,1,1,1,?,?,?,?
VTO:9028303,Albertosaurus sarcophagus,?,?,1,1,1,?,?,?,1,?,?
VTO:9024879,Marasuchus lilloensis,?,?,?,1,1,1,0,?,?,?,?
VTO:0002640,Pelobates fuscus,?,1,1,1,?,?,?,1,?,?,?
VTO:9002730,Mesosuchus browni,?,1,1,1,1,1,?,1,1,?,?
VTO:9000204,Hesperosuchus agilis,?,1,1,1,1,1,0,?,?,?,?
VTO:0003320,Ptychadena christyi,?,1,?,?,?,?,?,1,1,?,?
VTO:0004521,Mixophyes,?,1,?,?,?,?,?,1,1,?,?
VTO:9010160,Casea,?,1,?,1,1,1,1,?,?,?,?
VTO:9019633,Rhombomylus,?,?,1,1,1,1,?,?,?,?,?
VTO:9011491,Secodontosaurus obtusidens,?,?,?,1,?,?,?,?,?,?,?
VTO:0010172,Rhinopoma hardwickii,1,1,1,1,1,1,?,?,?,?,?
VTO:0004653,Cardioglossa,1,1,?,?,?,?,?,1,1,?,?
VTO:0002415,Rhinophrynus dorsalis,?,1,1,1,?,?,?,1,?,?,?
VTO:9006340,Litargosuchus leptorhynchus,?,1,?,1,1,1,?,?,?,?,?
VTO:9010171,Dicynodontia,?,1,?,1,1,1,1,?,?,?,?
VTO:9010061,Dinocephalia,?,1,?,1,1,1,1,?,?,?,?
VTO:0002642,Pelobates varaldii,?,1,?,1,?,?,?,1,?,?,?
VTO:0007814,Gastrotheca gracilis,?,1,?,?,?,?,?,1,1,?,?
VTO:9025019,Rahonavis ostromi,?,?,?,?,1,1,?,?,1,?,?
VTO:9000205,Postosuchus kirkpatricki,?,1,1,1,1,1,0,1,?,?,?
VTO:9024872,Lagerpeton chanarensis,?,?,?,?,?,?,0,?,?,?,?
VTO:0005321,Eupsophus roseus,?,1,1,?,?,?,?,?,?,?,?
VTO:0033071,Testudines,?,1,?,1,1,1,1,?,?,?,?
VTO:0004387,Boophis madagascariensis,?,1,1,?,?,?,?,?,?,?,?
VTO:9011118,Aerosaurus wellesi,?,1,1,1,?,1,1,1,?,?,?
VTO:0008228,Orycteropus afer,1,1,1,1,1,1,?,?,1,?,?
VTO:0003458,Phrynobatrachus acutirostris,?,1,?,?,?,?,?,1,1,?,?
VTO:0008222,Echinops telfairi,1,1,1,1,1,1,?,?,1,?,?
VTO:9020990,Dromicosuchus grallator,?,1,1,1,1,1,?,1,?,?,?
VTO:0006613,Hypsiboas,?,1,?,?,?,?,?,1,1,?,?
VTO:9020755,Mesohippus bairdi,1,1,1,1,1,1,?,?,?,?,?
VTO:0012605,Cavia porcellus,1,1,1,1,1,1,?,?,1,?,?
VTO:0002915,Hylarana albolabris,0,1,1,1,?,?,?,1,1,?,?
VTO:9004227,Microsauria,?,1,?,1,1,1,1,1,?,?,1
VTO:9030432,Erythrosuchus africanus,?,?,1,1,1,1,0,?,?,?,?
VTO:0003327,Ptychadena mascareniensis,1,1,1,1,?,?,?,1,1,?,?
VTO:9010115,Biarmosuchus,?,1,1,1,?,?,1,1,?,?,?
VTO:0011594,Tupaia glis,1,1,1,1,1,1,?,?,1,?,?
VTO:0083022,Afrixalus nigeriensis,?,1,?,?,?,?,?,?,1,?,?
VTO:9017495,Dvinosaurus,?,?,?,1,?,?,?,?,?,?,?
VTO:0004525,Mixophyes schevilli,?,1,?,?,?,?,?,1,1,?,?
VTO:0084130,Eodiscoglossus,?,?,?,1,1,1,?,?,?,?,?
VTO:9019883,Whatcheeria deltae,?,?,?,1,1,1,?,?,?,?,?
VTO:0002656,Bombina orientalis,?,1,1,1,?,?,?,1,?,?,?
VTO:0005157,Cophixalus cryptotympanum,?,1,1,?,?,?,?,?,?,?,?
VTO:9015697,Changchengornis hengdaoziensis,?,?,1,1,1,1,?,?,1,?,?
VTO:9006349,Trilophosaurus,?,1,?,1,1,1,1,?,?,?,?
VTO:0006775,Scinax nasicus,?,1,?,?,?,?,?,1,1,?,?
VTO:9012775,Varanodon agilis,?,1,1,1,?,1,1,1,?,?,?
VTO:0083716,Craugastor occidentalis,?,1,1,?,?,?,?,?,?,?,?
VTO:9010240,Therocephalia,?,1,?,1,1,1,1,?,?,?,?
VTO:0008242,Amblysomus hottentotus,1,1,1,1,1,1,?,?,1,?,?
VTO:0006773,Scinax fuscovarius,?,1,?,?,?,?,?,1,1,?,?
VTO:0003176,Hoplobatrachus,?,1,?,?,?,?,?,1,1,?,?
VTO:0015229,Didelphis virginiana,1,1,1,1,1,1,?,?,1,?,?
VTO:0006883,Isthmohyla,?,1,?,?,?,?,?,1,1,?,?
VTO:9020879,Silvanerpeton miripedes,?,?,1,1,1,1,?,?,?,?,?
VTO:0011351,Sus scrofa,1,1,1,1,1,1,?,?,1,?,?
VTO:9015969,Sphenacodontinae,?,1,?,1,1,1,1,?,?,?,?
VTO:0003151,Nannophrys ceylonensis,?,1,1,1,?,?,?,?,1,?,?
VTO:9006311,Amphibamidae,?,1,?,1,1,1,1,1,?,?,1
VTO:9004249,Baptornis varneri,?,?,?,?,?,?,?,?,1,?,?
VTO:9018461,Gorgonopsia,?,1,?,1,1,1,1,?,?,?,?
VTO:9000216,Pseudopalatus pristinus,?,?,1,1,1,1,0,?,1,?,?
VTO:9017399,Exaeretodon,?,1,?,1,1,1,1,?,?,?,?
VTO:9020611,Solenodonsaurus janenschi,?,?,?,1,1,1,?,?,?,?,?
VTO:0002670,Ascaphus truei,?,1,?,1,1,1,?,1,?,?,?
VTO:9008475,Lesothosaurus diagnosticus,?,1,1,1,1,1,0,1,1,?,?
VTO:9000394,Titanophoneus potens,?,1,1,1,?,1,1,1,?,?,?
VTO:0004638,Leptopelis bocagii,?,1,?,?,?,?,?,?,1,?,?
VTO:0005306,Rhinoderma darwinii,?,1,?,?,?,?,?,1,1,?,?
VTO:9008239,Longicrusavis houi,?,1,1,1,1,1,?,?,1,1,?
VTO:9012954,Enaliornis,?,?,?,?,?,?,?,?,1,?,?
VTO:9012304,Euryodus primus,?,1 and 0,?,1,1,1,0,0,?,0,0
VTO:0007833,Discoglossus pictus,?,1,1,1,?,?,?,1,1,?,?
VTO:0005305,Rhinoderma,?,1,?,?,?,?,?,1,1,?,?
VTO:0008116,Dasypus novemcinctus,1,1,1,1,1,1,?,?,1,?,?
VTO:0004767,Acanthixalus spinosus,?,1,?,?,?,?,?,?,1,?,?
VTO:9022352,Riojasuchus tenuisceps,?,1,1,1,1,1,0,1,?,?,?
VTO:0009815,Myotis lucifugus,1,1,1,1,1,1,?,?,?,?,?
VTO:9017007,Eryops,?,1,?,1,1,1,?,?,?,?,?
VTO:0002643,Pelobates syriacus,?,1,?,1,?,?,?,1,?,?,?
VTO:0002510,Leptobrachium hasseltii,?,1,?,1,?,?,?,1,?,?,?
VTO:0002645,Scaphiopus hurterii,?,1,?,1,?,?,?,1,?,?,?
VTO:0004763,Afrixalus dorsalis,?,1,?,?,?,?,?,?,1,?,?
VTO:0004158,Mantidactylus opiparis,?,1,1,?,?,?,?,?,?,?,?
VTO:9023112,Ornithosuchia,?,1,?,1,1,1,1,?,?,?,?
VTO:0002647,Scaphiopus holbrookii,?,1,?,1,?,?,?,1,?,?,?
VTO:0007671,Leptodactylus melanonotus,?,1,1,?,?,?,?,?,?,?,?
VTO:9005116,Pseudosuchia,?,1,?,1,1,1,1,?,?,?,?
VTO:0003442,Phrynobatrachus,?,1,?,?,?,?,?,1,1,?,?
VTO:0011674,Lemur catta,1,1,1,1,1,1,?,?,1,?,?
VTO:0083018,Afrixalus septentrionalis,?,1,?,?,?,?,?,?,1,?,?
VTO:0031728,Gallus gallus,?,1,1,1,1,1,?,1,1,1,?
VTO:0002651,Leiopelma hochstetteri,?,1,?,1,?,?,?,1,?,?,?
VTO:9001326,Greererpeton burkemorani,?,1 and 0,1,1,1,1,0,0,?,0,0
VTO:9015122,Iridotriton hechti,?,1,?,?,?,?,?,?,?,?,?
VTO:0006867,Triprion petasatus,?,1,?,?,?,?,?,1,1,?,?
VTO:0083011,Afrixalus osorioi,?,1,?,?,?,?,?,?,1,?,?
VTO:0005844,Pleurodema cinereum,?,1,?,?,?,?,?,1,1,?,?
VTO:0004598,Astylosternus diadematus,1,1,1,1,?,?,?,1,1,?,?
VTO:0003314,Ptychadena,?,1,?,?,?,?,?,1,1,?,?
VTO:9000747,Eoscopus lockardi,?,1,?,1,1,1,?,?,?,?,?
VTO:0003197,Sphaerotheca breviceps,?,1,1,?,?,?,?,?,?,?,?
VTO:9020631,Palaeobatrachus occidentalis,?,?,1,1,1,1,?,?,?,?,?
VTO:0006733,Scinax,?,1,?,?,?,?,?,1,1,?,?
VTO:9029517,Archaeotherium mortoni,1,1,1,1,1,1,?,?,1,?,?
VTO:0002436,Xenopus fraseri,?,1,?,1,?,?,?,1,?,?,?
VTO:9028566,Eomaia scansoria,1,1,1,1,1,1,?,?,1,?,?
VTO:9000745,Ecolsonia cutlerensis,?,?,?,1,1,1,?,?,?,?,?
VTO:0006916,Hyla,?,?,1,1,?,?,?,?,?,?,?
VTO:0002433,Xenopus muelleri,?,1,?,1,?,?,?,1,?,?,?
VTO:0082942,Cratia,?,1,?,?,?,?,?,1,?,?,?
VTO:0006887,Isthmohyla rivularis,?,1,?,?,?,?,?,1,1,?,?
VTO:0082241,Megophrys montana,?,1,?,1,?,?,?,1,?,?,?
VTO:9011149,Ennatosaurus tecton,?,1,1,1,?,?,?,1,?,?,?
VTO:0002662,Bombina maxima,?,1,?,1,?,?,?,1,?,?,?
VTO:0008183,Rhynchocyon cirnei,1,1,1,1,1,1,?,?,1,?,?
VTO:9020003,Revueltosaurus callenderi,?,1,1,1,1,1,0,1,1,?,?
VTO:0001465,Tetrapoda,?,1,?,?,1,1,?,1,?,?,?
VTO:0001468,Caudata,?,1,?,1,1,1,?,?,?,?,?
VTO:0002666,Barbourula busuangensis,?,1,1,1,?,?,?,1,?,?,?
VTO:9011117,Aerosaurus greenleeorum,?,?,?,1,?,?,?,?,?,?,?
VTO:9016583,Trimerorhachis,?,?,1,1,1,1,?,?,?,?,?
VTO:9008399,Micropholis stowi,?,1,?,1,1,1,?,?,?,?,?
VTO:0002658,Bombina bombina,?,1,?,1,?,?,?,1,?,?,?
VTO:9023733,Euparkeria capensis,?,1,1,1,1,1,?,1,1,?,?
VTO:9011162,Cotylorhynchus hancocki,?,?,?,1,?,?,?,?,?,?,?
VTO:9016587,Dendrerpeton,?,?,1,1,1,1,?,?,?,?,?
VTO:9028136,Prestosuchus chiniquensis,?,?,?,1,?,?,0,?,?,?,?
VTO:0006671,Hypsiboas lanciformis,?,1,1,1,?,?,?,1,?,?,?
VTO:0003474,Phrynobatrachus petropedetoides,?,1,?,?,?,?,?,1,1,?,?
VTO:0008902,Pteropus giganteus,1,1,1,1,1,1,?,?,?,?,?
VTO:0003350,Petropedetes natator,0,?,1,1,?,?,?,?,1,?,?
VTO:9026811,Morganucodon watsoni,?,?,?,1,1,1,?,?,?,?,?
VTO:9001339,Microbrachis pelikani,?,1,?,1,1,1,?,?,?,?,?
VTO:0012970,Castor canadensis,1,1,1,1,1,1,?,?,1,?,?
VTO:9006231,Proterochampsidae,?,1,?,1,1,1,1,?,?,?,?
VTO:0001480,Sirenidae,?,?,?,1,1,1,?,?,?,?,?
VTO:0003344,Hildebrandtia ornata,0,1,1,1,?,?,?,?,1,?,?
VTO:9019861,Procolophonidae,?,?,?,1,1,1,?,?,?,?,?
VTO:0084118,Eopelobates,?,?,?,1,1,1,?,?,?,?,?
VTO:0081599,Pipa snethlageae,?,1,?,1,?,?,?,1,?,?,?
VTO:0081597,Pipa myersi,?,1,?,1,?,?,?,1,?,?,?
VTO:9017472,Plagiosauridae,?,?,?,1,?,?,?,?,?,?,?
VTO:0004548,Limnodynastes peronii,?,1,?,1,?,?,?,1,?,?,?
VTO:0081596,Pipa arrabali,?,1,?,1,?,?,?,1,?,?,?
VTO:9017341,Rhytidosteidae,?,?,?,1,?,?,?,?,?,?,?
VTO:9011120,Mycterosaurus longiceps,?,?,?,1,?,?,?,?,?,?,?
VTO:0004744,Kassina maculata,1,1,?,?,?,?,?,?,1,?,?
VTO:0081590,Xenopus epitropicalis,?,1,?,1,?,?,?,1,?,?,?
VTO:0004747,Cryptothylax greshoffii,?,1,?,?,?,?,?,?,1,?,?
VTO:0004742,Hyperolius tuberilinguis,?,1,?,?,?,?,?,?,1,?,?
VTO:9004204,Rhadinosteus parvus,?,?,1,?,?,?,?,?,?,?,?
VTO:9001330,Hyloplesion longicostatum,?,1,?,1,1,1,?,?,?,?,?
VTO:9009456,Dendrerpeton acadianum,?,1,?,1,1,1,?,?,?,?,?
VTO:9001337,Ptyonius marshi,?,1 and 0,?,1,1,1,0,0,?,0,0
VTO:9001336,Odonterpeton triangulare,?,1,?,1,1,1,?,?,?,?,?
VTO:9003258,Urodela,?,1,?,1,1,1,1,1,?,?,1
VTO:9022020,Densignathus,?,?,?,1,?,?,?,?,?,?,?
VTO:9006360,Diademodon tetragonus,?,1,?,1,1,1,1,?,?,?,?
VTO:0005863,Heleophryne purcelli,0,1,1,1,?,?,?,?,1,?,?
VTO:0007290,Nannophryne variegata,?,1,?,?,?,?,?,1,1,?,?
VTO:0003465,Phrynobatrachus versicolor,?,1,?,?,?,?,?,1,1,?,?
VTO:0004663,Cardioglossa leucomystax,1,1,?,?,?,?,?,1,1,?,?
VTO:9029498,Eocaecilia micropodia,?,1,?,1,1,1,?,?,?,?,?
VTO:9006350,Rhynchosauria,?,1,?,1,1,1,1,?,?,?,?
VTO:9017467,Pelorocephalus,?,?,?,1,?,?,?,?,?,?,?
VTO:0004662,Cardioglossa gracilis,1,1,1,1,?,?,?,?,1,?,?
VTO:0004665,Phlyctimantis,?,1,?,?,?,?,?,1,1,?,?
VTO:9017337,Trichasaurus texensis,?,?,?,1,?,?,?,?,?,?,?
VTO:9016007,Protungulatum donnae,?,?,?,1,?,?,?,?,?,?,?
VTO:9029452,Fasolasuchus tenax,?,?,?,?,1,1,0,?,?,?,?
VTO:0081587,Xenopus tropicalis,?,1,?,1,?,?,?,1,?,?,?
VTO:0003336,Ptychadena anchietae,0,1,1,1,?,?,?,?,1,?,?
VTO:0003203,Nanorana parkeri,?,1,1,1,?,?,?,?,1,?,?
VTO:9015844,Cotylorhynchus bransoni,?,?,?,1,?,?,?,?,?,?,?
VTO:9011138,Ruthiromia elcobriensis,?,?,?,1,?,?,?,?,?,?,?
VTO:0005866,Hadromophryne natalensis,?,1,?,?,?,?,?,1,1,?,?
VTO:9021280,Mesonyx obtusidens,1,1,1,1,1,1,?,?,1,?,?
VTO:9007555,Stegotretus agyrus,?,1,?,1,1,1,?,?,?,?,?
VTO:9009415,Dibothrosuchus elaphros,?,1,1,1,1,1,?,1,1,?,?
VTO:9000765,Crassigyrinus scoticus,?,?,?,1 and 0,1,1,?,?,?,?,?
VTO:9021571,Dinosauromorpha,?,?,1,?,?,?,?,?,1,?,?
VTO:9017328,Mastodonsaurus,?,?,?,1,?,?,?,?,?,?,?
VTO:9028450,Nectridea,?,1,?,1,1,1,1,1,?,?,1
VTO:0004670,Hyperolius,?,1,?,?,?,?,?,1,1,?,?
VTO:0010274,Saccopteryx bilineata,1,1,1,1,1,1,?,?,?,?,?
VTO:0007749,Ceratophrys cornuta,?,1,1,?,?,?,?,?,?,?,?
VTO:9017404,Tritylodontidae,?,1,?,1,1,1,1,?,?,?,?
VTO:9011736,Tseajaia campi,?,1,1,1,1,1,1,1,?,?,?
VTO:9016432,Baphetes,?,?,?,1,1,1,?,?,?,?,?
VTO:9019191,Notobatrachus,?,?,?,1,1,1,?,?,?,?,?
VTO:9020561,Limnoscelis,?,0,?,1,?,1,0,0,?,0,0
VTO:9029400,Saltenia ibanezi,?,?,1,?,?,?,?,?,?,?,?
VTO:9002148,Pucadelphys andinus,?,?,?,1,1,1,?,?,?,?,?
VTO:9000726,Micromelerpeton credneri,?,?,?,1,1,1,?,?,?,?,?
VTO:9001324,Diceratosaurus brevirostris,?,0,?,1,1,1,0,0,?,0,0
VTO:9000727,Neldasaurus wrightae,?,?,?,1,1,1,?,?,?,?,?
VTO:9001325,Ctenerpeton alveolatum,?,0,?,?,?,?,0,0,?,0,0
VTO:9010565,Batrachosuchus,?,?,?,1,?,?,?,?,?,?,?
VTO:0004679,Hyperolius picturatus,?,1,?,?,?,?,?,?,1,?,?
VTO:9000725,Pholiderpeton scutigerum,?,?,?,1,1,1,?,?,?,?,?
VTO:9016427,Colosteidae,?,?,?,1,1,1,?,?,?,?,?
VTO:9019188,Discoglossidae,?,?,?,1,1,1,?,?,?,?,?
VTO:0001999,Salamandra,?,1,?,?,?,?,1,1,?,?,?
VTO:9001341,Lepterpeton dobbsii,?,0,?,1,?,?,0,0,?,0,0
VTO:9034516,Ornithosuchus longidens,?,1,1,1,?,1,?,?,?,?,?
VTO:0022386,Tyrannosaurus rex,?,?,1,1,1,?,?,?,1,?,?
VTO:9003564,Eoalulavis hoyasi,?,?,1,1,1,1,?,?,1,?,?
VTO:9011175,Pelodosotis elongatum,?,0,?,1,1,1,0,0,?,0,0
VTO:9025033,Casea rutena,?,1,1,?,?,1,1,1,?,?,?
VTO:9025032,Cotylorhynchus romeri,?,1,1,1,?,1,1,1,?,?,?
VTO:9007565,Keraterpeton galvani,?,0,?,1,1,1,0,0,?,0,0
VTO:9030719,Macropelobates osborni,?,?,?,1,?,?,?,?,?,?,?
VTO:0004669,Tachycnemis seychellensis,?,1,?,?,?,?,?,?,1,?,?
VTO:9001034,Tuditanus punctulatus,?,1,?,1,1,1,?,?,?,?,?
VTO:9022401,Cutleria wilmarthi,?,1,?,?,?,?,1,1,?,?,?
VTO:9021204,Sparodus,?,1,?,1,1,1,?,?,?,?,?
VTO:9023997,Morganucodontidae,?,1,?,1,1,1,1,?,?,?,?
VTO:0004666,Phlyctimantis leonardi,?,1,?,?,?,?,?,?,1,?,?
VTO:9020245,Heleosaurus scholtzi,?,1,1,1,?,1,1,1,?,?,?
VTO:9003160,Liaoningornis longidigitris,?,?,?,1,1,1,?,?,1,?,?
VTO:9000752,Ichthyostega stensioei,?,?,?,1,1,1,?,?,?,?,?
VTO:9008398,Dissorophus multicinctus,?,?,?,1,?,?,?,?,?,?,?
VTO:9008132,Caudipteryx zoui,?,?,?,1,?,?,?,?,?,?,?
VTO:9000757,Caerorhachis bairdi,?,?,?,?,1,1,?,?,?,?,?
VTO:9027322,Orobates pabsti,?,?,?,1,1,1,?,?,?,?,?
VTO:9004231,Parahesperornis alexi,?,?,?,?,?,?,?,?,1,?,?
VTO:9024954,Basilosaurus cetoides,?,?,?,1,1,1,?,?,?,?,?
VTO:9029979,Vieraella herbstii,?,?,?,1,1,1,?,?,?,?,?
VTO:9005632,Sinosauropteryx prima,?,?,?,1,?,?,?,?,?,?,?
VTO:9000758,Bruktererpeton fiebigi,?,?,?,1,1,1,?,?,?,?,?
VTO:9017736,Peltobatrachus,?,?,?,1,?,?,?,?,?,?,?
VTO:9012983,Hesperornis,?,?,?,1,?,?,?,?,1,?,?
VTO:9000744,Leptorophus tener,?,?,?,1,1,1,?,?,?,?,?
VTO:9000742,Kotlassia prima,?,?,?,1,1,1,?,?,?,?,?
VTO:9002114,Cordicephalus gracilis,?,?,1,?,?,?,?,?,?,?,?
VTO:9000749,Eucritta melanolimnetes,?,?,?,1,1,1,?,?,?,?,?
VTO:9033202,Sillosuchus longicervix,?,?,?,1,?,?,?,?,?,?,?
VTO:9000753,Eocursor parvus,?,?,?,1,1,?,?,?,?,?,?
VTO:9003242,Isodectes obtusus,?,?,?,1,?,?,?,?,?,?,?
VTO:9000746,Eoherpeton watsoni,?,?,?,1,1,1,?,?,?,?,?
VTO:9009698,Hapsidopareion lepton,?,1,?,?,?,?,?,?,?,?,?
VTO:0004652,Leptopelis modestus,?,1,?,?,?,?,?,?,1,?,?
VTO:0004786,Semnodactylus wealii,1,1,?,?,?,?,?,?,1,?,?
VTO:9000906,Guanlong wucaii,?,?,1,1,1,?,?,?,1,?,?
VTO:0004782,Heterixalus madagascariensis,?,1,?,?,?,?,?,?,1,?,?
VTO:9002117,Thoraciliacus rostriceps,?,?,1,?,?,?,?,?,?,?,?
VTO:9009752,Gobipteryx minuta,?,?,1,1,1,1,?,?,1,?,?
VTO:9000961,Batropetes fritschi,?,1,?,1,1,1,?,?,?,?,?
VTO:9027666,Biarmosuchia,?,1,?,1,1,1,1,?,?,?,?
VTO:9031047,Westlothiana lizziae,?,?,1,1,1,1,?,?,?,?,?
VTO:9032383,Elginerpeton pancheni,?,?,?,1,?,?,?,?,?,?,?
VTO:9017829,Procynosuchus,?,1,?,1,1,1,1,?,?,?,?
VTO:9019257,Gerobatrachus hottoni,?,1,?,1,1,?,?,?,?,?,?
VTO:9028045,Peronedon primus,?,0,?,1,?,?,0,0,?,0,0
VTO:9017726,Benthosuchus,?,?,?,1,?,?,?,?,?,?,?
VTO:0004649,Leptopelis kivuensis,?,1,?,?,?,?,?,?,1,?,?
VTO:0004644,Leptopelis karissimbensis,?,1,?,?,?,?,?,?,1,?,?
VTO:9000759,Broiliellus brevis,?,?,?,1,?,?,?,?,?,?,?
VTO:0004646,Leptopelis brevirostris,?,1,?,?,?,?,?,?,1,?,?
VTO:0082896,Leptopelis spiritusnoctis,?,1,?,?,?,?,?,?,1,?,?
VTO:9007548,Utaherpeton franklini,?,0,?,1,1,1,0,0,?,0,0
VTO:0082894,Leptopelis notatus,?,1,?,?,?,?,?,?,1,?,?
VTO:9004857,Compsognathidae,?,?,1,1,1,?,?,?,1,?,?
VTO:9000772,Amphibamus grandiceps,?,1,?,1,1,1,?,?,?,?,?
VTO:9000773,Apateon pedestris,?,?,?,1,1,1,?,?,?,?,?
VTO:9029471,Saurosuchus galilei,?,?,?,?,?,?,0,?,?,?,?
VTO:9030627,Triadobatrachidae,?,?,?,1,1,1,?,?,?,?,?
VTO:9003126,Callobatrachus sanyanensis,?,?,?,1,1,1,?,?,?,?,?
VTO:9030628,Prosalirus bitis,?,?,?,1,1,1,?,?,?,?,?
VTO:9000769,Archeria crassidisca,?,?,?,1,1,1,?,?,?,?,?
VTO:9000766,Colosteus scutellatus,?,?,?,1,?,1,?,?,?,?,?
VTO:9003267,Otogornis genghisi,?,?,?,1,1,1,?,?,?,?,?
VTO:0082884,Leptopelis boulengeri,?,1,?,?,?,?,?,?,1,?,?
VTO:9000764,Discosauriscus austriacus,?,?,?,1,1,1,?,?,?,?,?
VTO:9000762,Baphetes kirkbyi,?,?,?,1,?,?,?,?,?,?,?
VTO:9028016,Rauisuchus tiradentes,?,?,?,?,?,?,0,?,?,?,?
VTO:9026311,Thrinaxodon liorhinus,?,1,?,1,1,1,1,?,?,?,?
VTO:9019475,Proterosuchus fergusi,?,1,1,1,1,1,?,1,?,?,?
VTO:9027750,Tulerpeton curtum,?,?,1,1,1,1,?,?,?,?,?
VTO:0082877,Leptopelis viridis,?,1,?,?,?,?,?,?,1,?,?
VTO:0082878,Leptopelis macrotis,?,1,?,?,?,?,?,?,1,?,?
VTO:9015079,Rhinophrynus canadensis,?,?,1,?,?,?,?,?,?,?,?
VTO:0002125,Hynobiidae,?,?,?,1,1,1,?,?,?,?,?
VTO:9017200,Pisanosaurus mertii,?,?,?,?,?,?,0,?,?,?,?
VTO:9022466,Ornitholestes hermanni,?,?,?,1,1,?,?,?,?,?,?
VTO:9026368,Boluochia zhengi,?,?,?,?,?,?,?,?,1,?,?
VTO:0082998,Afrixalus quadrivittatus,?,?,?,?,?,?,?,?,1,?,?
VTO:0083096,Hyperolius parallelus,?,?,?,?,?,?,?,?,1,?,?
VTO:0082997,Callixalus pictus,?,1,?,?,?,?,?,?,1,?,?
VTO:9005686,Trematopidae,?,?,?,1,?,?,?,?,?,?,?
VTO:0082993,Kassinula wittei,?,1,?,?,?,?,?,?,1,?,?
VTO:0004699,Hyperolius viridiflavus,?,?,?,?,?,?,?,?,1,?,?
VTO:0082990,Chrysobatrachus cupreonitens,?,?,?,?,?,?,?,?,1,?,?
VTO:0004691,Hyperolius montanus,?,1,?,?,?,?,?,?,1,?,?
VTO:0004693,Hyperolius phantasticus,?,1,?,?,?,?,?,?,1,?,?
VTO:9020357,Ptyonius,?,?,1,1,1,1,?,?,?,?,?
VTO:9020355,Sauropleura,?,?,1,1,1,1,?,?,?,?,?
VTO:0082986,Kassina lamottei,1,1,?,?,?,?,?,?,1,?,?
VTO:0082985,Kassina fusca,1,1,?,?,?,?,?,?,1,?,?
VTO:9029620,Sphenosuchus acutus,?,?,?,1,?,?,?,?,?,?,?
VTO:0082984,Kassina cassinoides,1,1,?,?,?,?,?,?,1,?,?
VTO:0082983,Kassina cochranae,1,1,?,?,?,?,?,?,1,?,?
VTO:0082982,Kassina mertensi,1,1,?,?,?,?,?,?,1,?,?
VTO:9021120,Buettneria maleriensis,?,?,?,1,?,?,?,?,?,?,?
VTO:9004725,Angelosaurus dolani,?,?,?,1,?,?,?,?,?,?,?
VTO:0004555,Limnodynastes dorsalis,?,1,?,?,?,?,?,?,1,?,?
VTO:0081339,Truebella tothastes,?,?,?,?,?,?,?,?,1,?,?
VTO:0007173,Incilius coniferus,?,?,?,?,?,?,?,?,1,?,?
VTO:9008432,Sclerocephalus haeuseri,?,?,?,1,1,1,?,?,?,?,?
VTO:9003401,Paramys delicatus,?,?,?,1,1,1,?,?,?,?,?
VTO:9020347,Diadectes,?,?,?,1,1,1,?,?,?,?,?
VTO:9001122,Varanosaurus acutirostris,?,?,?,1,?,?,?,?,?,?,?
VTO:9026430,Haldanodon exspectatus,?,?,?,1,1,1,?,?,?,?,?
VTO:9022752,Synapsida,?,?,?,1,1,1,?,?,?,?,?
VTO:9009884,Trimerorhachis insignis,?,?,?,1,1,1,?,?,?,?,?
VTO:9009883,Tersomius texensis,?,?,?,1,1,1,?,?,?,?,?
VTO:9016994,Edops,?,?,?,1,?,?,?,?,?,?,?
VTO:0007194,Ingerophrynus macrotis,?,?,?,?,?,?,?,?,1,?,?
VTO:0007123,Duttaphrynus melanostictus,?,?,?,?,?,?,?,?,1,?,?
VTO:0007256,Pseudepidalea viridis,?,?,?,?,?,?,?,?,1,?,?
VTO:0007293,Pedostibes hosii,?,?,?,?,?,?,?,?,1,?,?
VTO:0007291,Nannophryne cophotis,?,?,?,?,?,?,?,?,1,?,?
VTO:0007162,Incilius coccifer,?,?,?,?,?,?,?,?,1,?,?
VTO:9002594,Protorothyris archeri,?,?,?,1,?,?,?,?,?,?,?
VTO:0081320,Rhinella rubropunctata,?,?,?,?,?,?,?,?,1,?,?
VTO:0007166,Incilius valliceps,?,?,?,?,?,?,?,?,1,?,?
VTO:0007380,Anaxyrus boreas,?,?,?,?,?,?,?,?,1,?,?
VTO:0081569,Phrynoidis aspera,?,?,?,?,?,?,?,?,1,?,?
VTO:0081436,Nannophryne corynetes,?,?,?,?,?,?,?,?,1,?,?
VTO:0007185,Incilius alvarius,?,?,?,?,?,?,?,?,1,?,?
VTO:0007184,Incilius luetkenii,?,?,?,?,?,?,?,?,1,?,?
VTO:0007384,Phrynoidis juxtaspera,?,?,?,?,?,?,?,?,1,?,?
VTO:9021661,Shenzhousaurus orientalis,?,?,?,1,?,?,?,?,?,?,?
VTO:0007378,Anaxyrus debilis,?,?,?,?,?,?,?,?,1,?,?
VTO:0007379,Anaxyrus exsul,?,?,?,?,?,?,?,?,1,?,?
VTO:0007246,Peltophryne lemur,?,?,?,?,?,?,?,?,1,?,?
VTO:0007377,Anaxyrus cognatus,?,?,?,?,?,?,?,?,1,?,?
VTO:9027743,Ptyonius marshii,?,?,?,1,1,1,?,?,?,?,?
VTO:9020581,Seymouria,?,?,?,1,1,1,?,?,?,?,?
VTO:9013106,Maelestes gobiensis,?,?,?,1,1,1,?,?,?,?,?
VTO:9017076,Chanaresuchus bonapartei,?,?,?,1,1,1,0,?,?,?,?
VTO:9023922,Protolipterna,?,?,?,1,1,?,?,?,?,?,?
VTO:0007370,Anaxyrus punctatus,?,?,?,?,?,?,?,?,1,?,?
VTO:9032578,Vegavis iaai,?,?,?,1,?,1,?,?,?,?,?
VTO:0007371,Anaxyrus quercicus,?,?,?,?,?,?,?,?,1,?,?
VTO:0007087,Schismaderma carens,?,?,?,?,?,?,?,?,1,?,?
VTO:0007375,Anaxyrus woodhousii,?,?,?,?,?,?,?,?,1,?,?
VTO:0081407,Rhaebo blombergi,?,?,?,?,?,?,?,?,1,?,?
VTO:0007366,Anaxyrus terrestris,?,?,?,?,?,?,?,?,1,?,?
VTO:0007237,Rhaebo haematiticus,?,?,?,?,?,?,?,?,1,?,?
VTO:0007238,Rhaebo guttatus,?,?,?,?,?,?,?,?,1,?,?
VTO:0007236,Rhaebo nasicus,?,?,?,?,?,?,?,?,1,?,?
VTO:9001287,Adelogyrinus simorhynchus,?,?,?,1,?,?,?,?,?,?,?
VTO:0004771,Heterixalus rutenbergi,?,1,?,?,?,?,?,?,?,?,?
VTO:0007362,Anaxyrus fowleri,?,?,?,?,?,?,?,?,1,?,?
VTO:9016960,Rhinesuchidae,?,?,?,1,?,?,?,?,?,?,?
VTO:9020399,Cardiocephalus,?,?,?,1,1,1,?,?,?,?,?
VTO:0007830,Discoglossus,?,?,?,1,1,1,?,?,?,?,?
VTO:0007359,Anaxyrus americanus,?,?,?,?,?,?,?,?,1,?,?
VTO:0007837,Alytes,?,?,?,1,1,1,?,?,?,?,?
VTO:9029956,Notobatrachus degiustoi,?,?,?,1,1,1,?,?,?,?,?
VTO:9030094,Apheliscus insidiosus,?,?,?,1,1,1,?,?,?,?,?
VTO:9031042,Pederpes finneyae,?,?,?,1,1,1,?,?,?,?,?
VTO:9031049,Whatcheeriidae,?,?,?,1,1,1,?,?,?,?,?
VTO:9026662,Lewisuchus admixtus,?,?,?,1,?,?,0,?,?,?,?
VTO:0007483,Rhinella crucifer,?,?,?,?,?,?,?,?,1,?,?
VTO:9008469,Acroplous vorax,?,?,?,1,1,1,?,?,?,?,?
VTO:0007481,Rhinella arenarum,?,?,?,?,?,?,?,?,1,?,?
VTO:0007210,Amietophrynus maculatus,?,?,?,?,?,?,?,?,1,?,?
VTO:0007214,Amietophrynus xeros,?,?,?,?,?,?,?,?,1,?,?
VTO:0007211,Amietophrynus pardalis,?,?,?,?,?,?,?,?,1,?,?
VTO:0007349,Osornophryne bufoniformis,?,?,?,?,?,?,?,?,1,?,?
VTO:0007470,Rhinella mirandaribeiroi,?,?,?,?,?,?,?,?,1,?,?
VTO:9014341,Karaurus sharovi,?,?,?,1,1,1,?,?,?,?,?
VTO:9014211,Valdotriton gracilis,?,?,?,1,1,1,?,?,?,?,?
VTO:9024076,Gomphos elkema,?,?,?,1,1,1,?,?,?,?,?
VTO:9021312,Lysorophia,?,?,?,1,1,1,?,?,?,?,?
VTO:0007207,Amietophrynus regularis,?,?,?,?,?,?,?,?,1,?,?
VTO:9001192,Gephyrostegus bohemicus,?,?,?,1,1,1,?,?,?,?,?
VTO:9025313,Smilosuchus gregorii,?,?,?,1,1,1,0,?,?,?,?
VTO:9020521,Doleserpeton annectens,?,?,?,1,1,1,?,?,?,?,?
VTO:9026333,Turfanosuchus dabanensis,?,?,?,1,1,?,?,?,?,?,?
VTO:9012812,Diadectes absitus,?,?,?,1,1,1,?,?,?,?,?
VTO:9014220,Czatkobatrachus polonicus,?,?,?,1,1,1,?,?,?,?,?
VTO:9016620,Shuvosaurus inexpectatus,?,?,?,1,1,?,0,?,?,?,?
VTO:0007450,Rhinella margaritifera,?,?,?,?,?,?,?,?,1,?,?
VTO:0007459,Rhinella spinulosa,?,?,?,?,?,?,?,?,1,?,?
VTO:9021699,Sinornithomimus dongi,?,?,?,1,?,?,?,?,?,?,?
VTO:9010550,Lapillopsis nana,?,?,?,1,?,?,?,?,?,?,?
VTO:9032341,Elkobatrachus brocki,?,?,?,1,?,?,?,?,?,?,?
VTO:9026610,Phonerpeton pricei,?,?,?,1,1,1,?,?,?,?,?
VTO:0008511,Sorex araneus,?,?,?,1,1,1,?,?,?,?,?
VTO:0002414,Rhinophrynus,?,?,?,1,1,1,?,?,?,?,?
VTO:9016903,Doleserpeton,?,?,?,1,1,1,?,?,?,?,?
VTO:0002416,Pipidae,?,?,?,1,1,1,?,?,?,?,?
VTO:0002665,Barbourula,?,?,?,1,1,1,?,?,?,?,?
VTO:9016863,Gracilisuchus stipanicicorum,?,?,?,?,?,?,0,?,?,?,?
VTO:0002669,Ascaphus,?,?,?,1,1,1,?,?,?,?,?
VTO:9020527,Utegenia,?,?,?,1,1,1,?,?,?,?,?
VTO:0083058,Hyperolius balfouri,?,1,?,?,?,?,?,?,?,?,?
VTO:9015832,Angelosaurus romeri,?,?,?,1,?,?,?,?,?,?,?
VTO:9007300,Yizhoubatrachus macilentus,?,?,?,1,1,1,?,?,?,?,?
VTO:9002783,Hapalops elongatus,?,?,?,1,1,1,?,?,?,?,?
VTO:0002649,Leiopelma,?,?,?,1,1,1,?,?,?,?,?
VTO:9022908,Eryops megacephalus,?,?,?,1,1,1,?,?,?,?,?
VTO:9025537,Paleothyris acadiana,?,?,?,1,1,1,?,?,?,?,?
VTO:9007550,Baphetidae,?,?,?,1,1,1,?,?,?,?,?
VTO:9005155,Dvinosaurus primus,?,?,?,1,1,1,?,?,?,?,?
VTO:9009700,Micraroter erythrogeios,?,?,?,1,?,?,?,?,?,?,?
VTO:9001329,Euryodus dalyae,?,?,?,?,1,?,?,?,?,?,?
VTO:9025652,Huaxiagnathus orientalis,?,?,?,1,?,?,?,?,?,?,?
VTO:9008511,Tambachia trogallas,?,?,?,1,?,?,?,?,?,?,?
VTO:9027739,Schoenfelderpeton prescheri,?,?,?,1,1,1,?,?,?,?,?
VTO:9001357,Almasaurus habbazi,?,?,?,1,?,?,?,?,?,?,?
VTO:9004238,Llistrofus pricei,?,1,?,?,?,?,?,?,?,?,?
VTO:9017041,Tersomius,?,?,?,1,?,?,?,?,?,?,?
VTO:0002505,Leptobrachium,?,?,?,1,?,?,?,?,?,?,?
VTO:9011078,Haptodus baylei,?,?,?,1,?,?,?,?,?,?,?
VTO:9030129,Mesophryne beipiaoensis,?,?,?,1,1,1,?,?,?,?,?
VTO:0001543,Proteidae,?,?,?,1,1,1,?,?,?,?,?
VTO:9020539,Gephyrostegidae,?,?,?,1,1,1,?,?,?,?,?
VTO:9020545,Ariekanerpeton,?,?,?,1,1,1,?,?,?,?,?
VTO:9009879,Captorhinus aguti,?,?,?,1,1,1,?,?,?,?,?
VTO:9014401,Citipati osmolskae,?,?,?,1,?,?,?,?,?,?,?
VTO:9011081,Edaphosaurus boanerges,?,?,?,1,?,?,?,?,?,?,?
VTO:9032794,Ossinodus pueri,?,?,?,?,1,1,?,?,?,?,?
VTO:9011090,Archaeothyris florensis,?,?,?,1,?,?,?,?,?,?,?
VTO:0002619,Scutiger mammatus,?,?,?,1,?,?,?,?,?,?,?
VTO:9032787,Perryella olsoni,?,?,?,1,?,?,?,?,?,?,?